RTS1HD;800398;001
RTS2HD;800399;002
PRVA;800388;003
PINK;800366;004
B92;800338;005
Happy;800351;006
K1;817425;007
RTV1;800408;010
EuroNewsSerbia;817371;012
Vesti;800368;013
KurirTV;817432;014
RTS3;800400;015
RTV2;800409;016
RedTV;800367;018
SuperstarTV;817367;019
FOX;800346;020
FOXLife;800348;021
FOXCrime;800347;022
FOXMovies;800349;023
Eurochannel;817369;026
AXN;800336;028
TV1000;818019;029
FilmboxPremium;817377;030
AMCBalkan;800422;031
EpicDrama;923235;032
Superstar2;817370;034
KlasikTV;800442;035
RTSDrama;800401;036
PINKAction;800369;040
PINKFamily;800373;041
PINKFilm;800374;042
PINKWestern;800387;043
PINKMovies;800377;044
PINKHorror;800376;045
PINKPremium;800380;046
PINKThriller;800386;047
PINKComedy;800371;048
PINKRomance;800382;049
PINKSerije;800385;050
PINKSci-FiandFantasy;800384;051
PINKCrimeandMystery;800372;052
PinkWorldCinema;817501;053
PINKClassic;800370;054
PRVAMax;800394;055
PRVAFiles;800389;056
PRVALife;800393;057
PRVAKick;800390;058
PRVAWorld;800396;059
HBOHD;800352;060
HBO2HD;800353;061
HBO3HD;800354;062
Cinemax;853305;063
Cinemax2;853307;064
RussiaToday;817374;080
BBCWorldNews;800424;082
CNN;817347;083
AlJazeeraBalkans;800421;085
ArenaPremium1;1001069;101
ArenaPremium2;1001078;102
ArenaPremium3;1001083;103
ArenaSport1;800331;111
ArenaSport2;800332;112
ArenaSport3;800333;113
ArenaSport4;800334;114
ArenaSport5;800335;115
ArenaSport6;1001086;116
ArenaSport7;1001099;117
ArenaSport8;1001111;118
Arena1x2;1001056;119
Eurosport1;817373;121
Eurosport2;800434;122
ArenaESport;817333;135
GinxEsportsTV;800436;136
NasaTV;817438;153
RTCGSAT;800444;164
KTVZrenjanin;817431;169
NickelodeonHD;800362;200
NickJr;817441;201
Disney;817355;202
DisneyJunior;800431;203
BabyTV;817339;204
Jimjam;800440;205
Minimax;800359;206
Nicktoons;817445;208
Boomerang;817342;209
CartoonNetwork;800427;210
DexyTV;817351;213
Kazbuka;817429;214
PinkKids;817492;215
PinkSuperKids;817500;216
History;800355;300
ViasatHistory;817348;301
NationalGeographic;800361;302
BBCEarth;817340;303
AnimalPlanet;800330;304
DiscoveryChannel;800342;305
ViasatNature;800448;306
ViasatExplore;800447;307
RTSNauka;817402;309
RTSPoletarac;800405;310
RTSTrezor;800406;311
RTSZivot;800407;312
DoxTV;800432;315
PinkPedia;817497;316
TravelChannel;800418;330
24Kitchen;800328;332
FoodNetwork;800435;333
TLC;800417;334
HGTV;923238;335
FashionTV;817375;337
BalkanTrip;800423;340
PinkKuvar;817495;343
PINKReality;800381;344
PinkPlus;817498;345
NovosadskaTV;817446;400
TVHram;817357;401
StudioB;817368;402
AgroTV;800329;403
Palmaplus;817453;404
NiskaTV;817447;405
TVBelleAmie;817359;406
TVPannon;817353;407
TVMELOS;817354;408
TVBOR;817358;409
SatTV;817372;410
TVLeskovac;817356;411
KCN1;817404;412
KCN3;817421;413
RTRS;817433;415
OBN;817449;416
BN;800425;417
BN2;817341;418
MTV00s;817352;500
ToxicTV;800445;501
MTV90s;817436;502
RTSKolo;800402;503
RTSMuzika;800404;504
BravoMusic;817343;505
CityPlay;817345;506
PINKMusic;800378;507
PinkMusic2;817496;508
PinkKoncert;817494;509
PINKFolk;800375;510
PinkExtra;817486;511
PinkShow;817499;512
KCN2;817414;513
Africkenebe;992499;555
DorcelTV;817360;700
Dusk1;817363;701
PRIVATETV;800443;702
HustlerHD;800356;703
BrazzersTV;817344;704
PINKEROTIC;817462;710
PINKEROTIC2;817475;711
PINKEROTIC3;817476;712
PINKEROTIC4;817477;713
PINKEROTIC5;817479;714
PINKEROTIC6;817480;715
PINKEROTIC7;817482;716
PINKEROTIC8;817484;717
ArenaFight;1001065;872
InsajderTV;1001112;879
RTS1HD;800398;001
RTS2HD;800399;002
PRVA;800388;003
PINK;800366;004
B92;800338;005
Happy;800351;006
K1;817425;007
RTV1;800408;010
EuroNewsSerbia;817371;012
Vesti;800368;013
KurirTV;817432;014
RTS3;800400;015
RTV2;800409;016
RedTV;800367;018
SuperstarTV;817367;019
FOX;800346;020
FOXLife;800348;021
FOXCrime;800347;022
FOXMovies;800349;023
Eurochannel;817369;026
AXN;800336;028
TV1000;818019;029
FilmboxPremium;817377;030
AMCBalkan;800422;031
EpicDrama;923235;032
Superstar2;817370;034
KlasikTV;800442;035
RTSDrama;800401;036
PINKAction;800369;040
PINKFamily;800373;041
PINKFilm;800374;042
PINKWestern;800387;043
PINKMovies;800377;044
PINKHorror;800376;045
PINKPremium;800380;046
PINKThriller;800386;047
PINKComedy;800371;048
PINKRomance;800382;049
PINKSerije;800385;050
PINKSci-FiandFantasy;800384;051
PINKCrimeandMystery;800372;052
PinkWorldCinema;817501;053
PINKClassic;800370;054
PRVAMax;800394;055
PRVAFiles;800389;056
PRVALife;800393;057
PRVAKick;800390;058
PRVAWorld;800396;059
HBOHD;800352;060
HBO2HD;800353;061
HBO3HD;800354;062
Cinemax;853305;063
Cinemax2;853307;064
RussiaToday;817374;080
BBCWorldNews;800424;082
CNN;817347;083
AlJazeeraBalkans;800421;085
ArenaPremium1;1001069;101
ArenaPremium2;1001078;102
ArenaPremium3;1001083;103
ArenaSport1;800331;111
ArenaSport2;800332;112
ArenaSport3;800333;113
ArenaSport4;800334;114
ArenaSport5;800335;115
ArenaSport6;1001086;116
ArenaSport7;1001099;117
ArenaSport8;1001111;118
Arena1x2;1001056;119
Eurosport1;817373;121
Eurosport2;800434;122
ArenaESport;817333;135
GinxEsportsTV;800436;136
NasaTV;817438;153
RTCGSAT;800444;164
KTVZrenjanin;817431;169
NickelodeonHD;800362;200
NickJr;817441;201
Disney;817355;202
DisneyJunior;800431;203
BabyTV;817339;204
Jimjam;800440;205
Minimax;800359;206
Nicktoons;817445;208
Boomerang;817342;209
CartoonNetwork;800427;210
DexyTV;817351;213
Kazbuka;817429;214
PinkKids;817492;215
PinkSuperKids;817500;216
History;800355;300
ViasatHistory;817348;301
NationalGeographic;800361;302
BBCEarth;817340;303
AnimalPlanet;800330;304
DiscoveryChannel;800342;305
ViasatNature;800448;306
ViasatExplore;800447;307
RTSNauka;817402;309
RTSPoletarac;800405;310
RTSTrezor;800406;311
RTSZivot;800407;312
DoxTV;800432;315
PinkPedia;817497;316
TravelChannel;800418;330
24Kitchen;800328;332
FoodNetwork;800435;333
TLC;800417;334
HGTV;923238;335
FashionTV;817375;337
BalkanTrip;800423;340
PinkKuvar;817495;343
PINKReality;800381;344
PinkPlus;817498;345
NovosadskaTV;817446;400
TVHram;817357;401
StudioB;817368;402
AgroTV;800329;403
Palmaplus;817453;404
NiskaTV;817447;405
TVBelleAmie;817359;406
TVPannon;817353;407
TVMELOS;817354;408
TVBOR;817358;409
SatTV;817372;410
TVLeskovac;817356;411
KCN1;817404;412
KCN3;817421;413
RTRS;817433;415
OBN;817449;416
BN;800425;417
BN2;817341;418
MTV00s;817352;500
ToxicTV;800445;501
MTV90s;817436;502
RTSKolo;800402;503
RTSMuzika;800404;504
BravoMusic;817343;505
CityPlay;817345;506
PINKMusic;800378;507
PinkMusic2;817496;508
PinkKoncert;817494;509
PINKFolk;800375;510
PinkExtra;817486;511
PinkShow;817499;512
KCN2;817414;513
Africkenebe;992499;555
DorcelTV;817360;700
Dusk1;817363;701
PRIVATETV;800443;702
HustlerHD;800356;703
BrazzersTV;817344;704
PINKEROTIC;817462;710
PINKEROTIC2;817475;711
PINKEROTIC3;817476;712
PINKEROTIC4;817477;713
PINKEROTIC5;817479;714
PINKEROTIC6;817480;715
PINKEROTIC7;817482;716
PINKEROTIC8;817484;717
ArenaFight;1001065;872
InsajderTV;1001112;879
